response,msqe,r2_score
y1,2.909090909090909,0.2666666666666666
y2,1.4545454545454546,0.6333333333333333
