response,msqe,r2_score
y1,3.1418666666666666,0.11635000000000006
y2,10.666666666666666,-2.0
