response,msqe,r2_score
y1,0.15963281049780292,-7.643372826825498
y2,23.159002489462274,-0.879773905200629
