response,msqe,r2_score
y2,4.371457598264745,-0.10652520456076364
