response,msqe,r2_score
y1,0.8854000000000004,0.7786499999999998
y2,0.40459999999999996,0.8921066666666667
