response,msqe,r2_score
y1,4.235733333333331,-0.19129999999999936
