response,msqe,r2_score
y1,0.9426,0.76435
y2,0.3953999999999998,0.89456
