,y1,y2,y1_nn_keras,y2_nn_keras
7,0.96,1.12,-1.9309855,-0.6532428
2,0.6882,8.14,0.18095747,1.3288012
