response,msqe,r2_score
y2,9.93981438048418,-1.6506171681291146
