,PF,PF1,PF_poly_sklearn,PF1_poly_sklearn
3,1,1,1.0000000000000013,0.9999999999999989
4,0,1,1.7763568394002505e-15,1.000000000000001
5,0,0,-1.7763568394002505e-15,-8.881784197001252e-16
0,1,0,1.0000000000000009,1.3322676295501878e-15
10,0,1,0.0,1.0000000000000009
9,1,1,0.9999999999999987,0.9999999999999996
6,1,1,1.0000000000000013,1.0000000000000007
1,0,0,-1.7763568394002505e-15,-1.3322676295501878e-15
