,y1,y2,y1_nn_keras,y2_nn_keras
0,5.0233,8.0,0.3991306,1.6287919
1,0.6936,12.02,0.29839423,2.2240727
2,0.6882,8.14,0.44838202,1.3377512
3,0.24,8.0,0.44838202,1.3377512
4,0.324,8.0,0.44838202,1.3377512
5,6.03,8.0,0.44838202,1.3377512
6,0.9099999999999999,10.125,0.44838202,1.3377512
7,0.96,1.12,0.44838202,1.3377512
8,10.7007,9.5661,0.44838202,1.3377512
9,8.7932,6.401500000000001,0.44838202,1.3377512
