,y1,y2,y1_nn_keras,y2_nn_keras
5,6.03,8.0,0.76759356,-1.223503
3,0.24,8.0,0.0694809,2.8532565
4,0.324,8.0,-0.09829052,4.0493903
0,5.0233,8.0,0.72153586,-0.85398006
9,8.7932,6.401500000000001,0.20716573,3.0795996
8,10.7007,9.5661,1.2408022,-5.0200806
6,0.9099999999999999,10.125,0.09846935,3.9481242
1,0.6936,12.02,1.2067642,-4.7469916
