response,msqe,r2_score
y1,1.4545454545454546,0.6333333333333333
