response,msqe,r2_score
y2,9.812356119860397,-1.4735314385481417
