response,msqe,r2_score
PF,1.947500359764373e-30,1.0
PF1,1.0292169622805388e-30,1.0
