response,msqe,r2_score
y1,0.5973425050385519,0.8494199101881983
