response,msqe,r2_score
y2,9.82450739677405,-1.4868284348084315
