response,msqe,r2_score
y1,3.1071999999999993,0.1261000000000001
y2,4.641066666666668,-0.30530000000000057
