response,msqe,r2_score
y1,1.7959111111111115,0.54541
y2,1.7095111111111108,0.5672800000000001
