response,msqe,r2_score
y2,6.997669463085799,-0.8660451901562132
