response,msqe,r2_score
y2,3.9823154795014184,-0.12002622860977397
