response,msqe,r2_score
y1,0.8474181818181816,0.7863800000000001
y2,1.265745454545455,0.6809266666666665
