response,msqe,r2_score
y1,3.833881632270883,-0.07827920907618591
y2,8.835574567397392,-1.4850053470805165
