,y1,y2,y1_nn_keras,y2_nn_keras
7,5.0,5.0,5.7370033,5.3694067
2,5.0,9.0,5.7370033,5.3694067
8,9.0,9.0,5.772726,5.368326
