response,msqe,r2_score
y1,1.2416000000000005,0.6857199999999999
y2,1.5167999999999995,0.6160600000000002
