response,msqe,r2_score
y1,6.409494854920721e-30,1.0
y2,2.267975102510409e-30,1.0
