response,msqe,r2_score
y1,4.629882633753038,-0.16711624725857832
y2,12.754012980994927,-2.2150741056258045
