response,msqe,r2_score
y1,12.625789911273616,0.08644602927448342
y2,10.8058062850039,-0.4802771760031477
