,y1,y2,y1_nn_keras,y2_nn_keras
0,5.0,9.0,4.755519,5.2878566
1,9.0,9.0,4.1681986,5.665411
2,5.0,9.0,5.079428,5.079634
3,5.0,5.0,5.0186014,4.443472
4,9.0,5.0,4.8213778,4.311471
5,9.0,9.0,5.0811357,5.066078
6,5.0,5.0,5.080507,5.071073
7,5.0,5.0,5.079428,5.079634
8,9.0,9.0,4.785962,5.2682867
9,5.0,5.0,4.8760304,4.290584
10,9.0,5.0,5.1232705,4.731632
