response,msqe,r2_score
y2,8.04029531821954,-1.0268244448011759
