response,msqe,r2_score
y2,10.820630931909514,-2.043302449599551
