,y1,y2,y1_poly_sklearn,y2_poly_sklearn
3,5.0,5.0,4.999999999999998,5.0
4,9.0,5.0,8.999999999999996,4.999999999999998
5,9.0,9.0,9.000000000000002,9.0
0,5.0,9.0,5.0,8.999999999999998
10,9.0,5.0,8.999999999999993,4.999999999999997
9,5.0,5.0,5.0,4.999999999999999
6,5.0,5.0,4.9999999999999964,4.999999999999999
1,9.0,9.0,9.000000000000009,9.0
