response,msqe,r2_score
y1,7.899373853394247,-0.9913004922097999
y2,8.04029531821954,-1.0268244448011759
