response,msqe,r2_score
y2,9.817273509262881,-1.4849973570321664
