,PF ,|PF |,PF _poly_sklearn,|PF |_poly_sklearn
0,6.2,8.6,0.6999999999999931,1.2000000000000126
1,2.3,5.7,1.599999999999997,1.6000000000000023
2,4.4,3.3,-0.6874091675410217,6.860690736206061
3,0.2,0.6,3.1999999999999966,3.40000000000001
4,6.0,7.2,2.4999999999999964,2.000000000000009
5,4.1,6.4,1.4000000000000048,0.7999999999999821
6,4.6,7.8,0.6000000000000041,2.7
7,3.0,7.4,-1.587571773969346,7.491830274703711
8,3.1,2.5,-0.5194578060642145,6.4477651674617835
