,y1,y2,y1_poly_sklearn,y2_poly_sklearn
7,0.96,1.12,7.362518426656953,10.279548960500964
2,0.6882,8.14,-8.545740486544968,13.055356110214674
