response,msqe,r2_score
y1,8.708842947747996,-1.177210736936999
y2,6.997669463085799,-0.8660451901562132
