response,msqe,r2_score
y2,9.512836725921185,-1.6754853291653333
