response,msqe,r2_score
y1,28.463948198917574,-0.8802158438685563
y2,55.03402285426609,-19.95196110468085
