response,msqe,r2_score
y1,3.5555555555555554,0.10000000000000009
y2,1.7777777777777777,0.55
