response,msqe,r2_score
y2,11.518504072387966,-1.9156213433232039
