response,msqe,r2_score
y2,6.398257805765525,-0.7062020815374732
