,y1,y2,y1_nn_keras,y2_nn_keras
3,5.0,5.0,3.7777977,6.3482876
4,9.0,5.0,5.0789027,5.082735
5,9.0,9.0,5.0789027,5.082735
0,5.0,9.0,4.5409365,5.606002
10,9.0,5.0,5.0789027,5.082735
9,5.0,5.0,2.9248965,7.1778836
6,5.0,5.0,5.0789027,5.082735
1,9.0,9.0,2.79025,7.3088512
