response,msqe,r2_score
y1,1.6929454545454552,0.5732366666666665
y2,1.4103272727272724,0.64448
