,y1,y2,y1_nn_keras,y2_nn_keras
7,5.0,5.0,5.694021,5.0475125
2,5.0,9.0,5.694021,5.0475125
8,9.0,9.0,6.371894,4.441265
