response,msqe,r2_score
y1,1.3885569713043093e-29,1.0
y2,2.1693674893577825e-30,1.0
