response,msqe,r2_score
y1,5.923577686276228,-0.666006224265189
y2,9.76709793580494,-1.7469962944451396
