,y1_poly_sklearn,y2_poly_sklearn
0,5.023300000000003,8.000000000000002
1,0.6935999999999972,12.02
2,-6.903282541385004,12.855426358304697
3,0.24000000000000232,7.999999999999999
4,-0.4559914801037844,8.580182065486008
5,6.029999999999999,8.000000000000002
6,1.8141748091662033,10.059679282906341
7,6.736470594523277,8.782148536282369
8,12.006235706577549,6.896226884018618
9,8.793200000000004,6.401500000000003
