response,msqe,r2_score
y1,1.9816888888888882,0.4983850000000002
