response,msqe,r2_score
y1,1.7777777777777777,0.55
y2,1.7777777777777777,0.55
