,y1,y2,y1_nn_keras,y2_nn_keras
7,5.0,5.0,5.0952263,5.094994
2,5.0,9.0,5.0952263,5.094994
8,9.0,9.0,4.8522015,4.852254
