response,msqe,r2_score
y1,22.803085121233618,-0.649944209723788
y2,48.659018781305335,-5.665752930314426
