response,msqe,r2_score
PF ,15.034224625464434,-3.8289800724189833
|PF |,21.34353345952004,-2.196203013904831
