response,msqe,r2_score
y1,25.28457637397875,-5.321144093494688
y2,17.26110301015121,-3.6029608027069893
