response,msqe,r2_score
y1,9.400784113098508,-1.37957347862806
y2,6.552761617555613,-0.6586677844437645
