response,msqe,r2_score
y1,4.5284371906891465,-0.27362295988132246
y2,9.139704279379353,-1.5705418285754433
