response,msqe,r2_score
y1,2.1902558518080206,0.38399054167899416
y2,4.417451206386018,-0.2424081517960679
