,y1,y2,y1_nn_keras,y2_nn_keras
0,5.0,9.0,4.5409365,5.606002
1,9.0,9.0,2.79025,7.3088512
2,5.0,9.0,5.1299133,5.1595774
3,5.0,5.0,3.7777977,6.3482876
4,9.0,5.0,5.0789027,5.082735
5,9.0,9.0,5.0789027,5.082735
6,5.0,5.0,5.0789027,5.082735
7,5.0,5.0,5.1299133,5.1595774
8,9.0,9.0,5.318756,5.444047
