,y1,y2,y1_nn_keras,y2_nn_keras
0,5.0233,8.0,0.061368287,1.0133975
1,0.6936,12.02,0.01750497,0.97670496
2,0.6882,8.14,0.18095754,1.3288012
3,0.24,8.0,-0.14479384,0.8409391
4,0.324,8.0,-0.048846584,0.93639827
5,6.03,8.0,-0.8258939,0.2711865
6,0.9099999999999999,10.125,-1.0261335,0.10368237
7,0.96,1.12,-1.9309855,-0.6532428
8,10.7007,9.5661,-1.382891,-0.19475178
9,8.7932,6.401500000000001,-1.2023807,-0.043751515
