,y1,y2,y1_nn_keras,y2_nn_keras
7,5.0,5.0,4.625102,5.4066095
2,5.0,9.0,4.625102,5.4066095
8,9.0,9.0,4.094576,6.212428
