response,msqe,r2_score
y1,5.740789601784248,-0.6145970755018197
y2,10.820630931909514,-2.043302449599551
