,y1,y2,y1_nn_keras,y2_nn_keras
3,5.0,5.0,6.2201796,3.7064438
4,9.0,5.0,6.6336126,3.8259666
5,9.0,9.0,5.5656533,4.5949087
0,5.0,9.0,5.485355,4.5210147
10,9.0,5.0,5.637792,4.1524787
9,5.0,5.0,6.6139317,3.0085406
6,5.0,5.0,5.2671137,4.892389
1,9.0,9.0,6.3209476,2.969773
