response,msqe,r2_score
y2,9.802133888342269,-1.756850156096263
