response,msqe,r2_score
y2,11.497912298656097,-1.9104090505973246
