,y1,y2,y1_nn_keras,y2_nn_keras
0,5.0,9.0,5.485355,4.5210147
1,9.0,9.0,6.3209476,2.9697733
2,5.0,9.0,5.4114704,4.3037515
3,5.0,5.0,6.2201796,3.7064438
4,9.0,5.0,6.6336126,3.8259666
5,9.0,9.0,5.5656533,4.5949087
6,5.0,5.0,5.2671137,4.892389
7,5.0,5.0,5.4114704,4.3037515
8,9.0,9.0,5.788572,3.1538532
