Iteration,p1,p2,x,y1,y2,objv1,objv2
vacuity,4.0,4.0,10.0,6.44,5.0,5.720000000000001,6.44
"iter(0, 4)",4.0,4.0,10.0,6.44,5.0,5.720000000000001,6.44
"iter(0, 'completed')",4.0,4.0,10.0,6.44,5.0,5.720000000000001,6.44
"iter(1, 'selection')",4.0,4.0,10.0,6.44,5.0,5.720000000000001,6.44
"iter(1, 3)",4.0,4.0,10.0,6.44,5.0,5.720000000000001,6.44
"iter(1, 'completed')",4.0,4.0,10.0,6.44,5.0,5.720000000000001,6.44
final,4.0,4.0,10.0,6.44,5.0,5.720000000000001,6.44
