response,msqe,r2_score
y1,5.034602788454748,-0.25865069711368704
y2,10.447150089595098,-1.7859066905586927
