response,msqe,r2_score
y1,3.7248000000000014,-0.04760000000000053
y2,4.550399999999999,-0.2797999999999996
