response,msqe,r2_score
PF ,2.0308546077574525e-29,1.0
|PF |,9.541519167681019e-29,1.0
