,y1,y2,y1_nn_keras,y2_nn_keras
7,5.0,5.0,5.4114704,4.3037515
2,5.0,9.0,5.4114704,4.3037515
8,9.0,9.0,5.788572,3.1538532
