,y1,y2,y1_nn_keras,y2_nn_keras
7,5.0,5.0,5.1299133,5.1595774
2,5.0,9.0,5.1299133,5.1595774
8,9.0,9.0,5.318756,5.444047
