response,msqe,r2_score
y1,4.307545932173344,-232.23353979890132
y2,24.768409913248504,-1.0104065643337719
