response,msqe,r2_score
y1,1.0158545454545458,0.7439199999999999
y2,1.2410181818181814,0.68716
