,PF,PF1,PF_poly_sklearn,PF1_poly_sklearn
7,1,1,1.9151396383381045,1.1398322019426126
2,1,0,1.5052718211905725,-0.08602764560459031
8,0,0,0.8602323651234665,-1.8568255445586948
