response,msqe,r2_score
y1,2.5754095240000003,0.8136531960829072
y2,5.127462499999999,0.297593764928454
