response,msqe,r2_score
y1,4.643292335495764,-0.1704966095728908
y2,5.983162572592433,-0.5082555651743426
