response,msqe,r2_score
y1,4.113276854313451,-0.0411732037480923
y2,15.067771111929801,-2.8140295627072307
