response,msqe,r2_score
y1,6.090967139275832,-0.5354312996924493
y2,5.950969081720007,-0.5001401226835853
