response,msqe,r2_score
y1,21.081434872579774,-0.5253721685357815
y2,77.92581734252643,-9.674983966130808
