response,msqe,r2_score
y1,12.87704762,-696.2321237805797
y2,35.67810260500001,-1.895926380873532
