,y1,y2,y1_nn_keras,y2_nn_keras
3,5.0,5.0,3.8366075,4.0697007
4,9.0,5.0,0.9618349,0.6175356
5,9.0,9.0,1.0462866,0.45449543
0,5.0,9.0,5.169673,5.419814
10,9.0,5.0,2.0667753,1.8302431
9,5.0,5.0,3.5118709,3.949324
6,5.0,5.0,2.0180583,1.5790696
1,9.0,9.0,5.27917,5.9471407
