response,msqe,r2_score
y1,8.909460516199687,-1.2273651290499217
y2,5.217421592761156,-0.39131242473630823
