response,msqe,r2_score
y2,9.790870519400295,-1.4681152767654915
