response,msqe,r2_score
y2,9.594239702047465,-1.6983799162008495
