,y1,y2,y1_dt_sklearn,y2_dt_sklearn
0,5.0233,8.0,5.0233,8.0
1,0.6936,12.02,0.6936,12.02
2,0.6882,8.14,0.9099999999999999,8.0
3,0.24,8.0,0.24,8.0
4,0.324,8.0,0.324,8.0
5,6.03,8.0,6.03,8.0
6,0.9099999999999999,10.125,0.9099999999999999,10.125
7,0.96,1.12,6.03,9.5661
8,10.7007,9.5661,10.7007,9.5661
9,8.7932,6.401500000000001,8.7932,6.401500000000001
