response,msqe,r2_score
y2,9.812358505660882,-1.4735320399686809
