response,msqe,r2_score
y1,4.90650556979172,-0.23684827905166284
y2,8.699221264362325,-1.19292869372467
