response,msqe,r2_score
y2,10.813799510247614,-2.0413811122571417
