response,msqe,r2_score
y1,33.065674298749066,-1.392505994683681
y2,61.84272825482748,-7.471776813584906
