response,msqe,r2_score
y2,9.896929260171,-1.6391811360456
