response,msqe,r2_score
y1,4.235733333333331,-0.19129999999999936
y2,4.083199999999999,-0.14839999999999987
