response,msqe,r2_score
y1,3.8464000000000005,-0.0818000000000001
y2,4.092266666666666,-0.15094999999999992
