response,msqe,r2_score
y2,11.553660724460478,-1.9245203708790588
