response,msqe,r2_score
y1,9.48073777367258,-1.3899359804466296
y2,5.793170612054734,-0.46036175845546423
