Iteration,p1,p2,x,y1,y2,obj1,objv2,objv3
vacuity,4.0,7.0,11.499999925494194,9.0,9.0,9.0,-4.5,9.0
"iter(0, 3)",4.0,7.0,11.499999925494194,9.0,9.0,9.0,-4.5,9.0
"iter(0, 5)",4.0,7.0,11.499999925494194,9.0,9.0,9.0,-4.5,9.0
"iter(0, 'completed')",4.0,7.0,11.499999925494194,9.0,9.0,9.0,-4.5,9.0
"iter(1, 'selection')",4.0,7.0,11.499999925494194,9.0,9.0,9.0,-4.5,9.0
"iter(1, 0)",4.0,7.0,11.499999925494194,9.0,9.0,9.0,-4.5,9.0
"iter(1, 'completed')",4.0,7.0,11.499999925494194,9.0,9.0,9.0,-4.5,9.0
final,4.0,7.0,11.499999925494194,9.0,9.0,9.0,-4.5,9.0
