,y1,y2,y1_rf_sklearn,y2_rf_sklearn
0,5.0,9.0,6.28,8.44
1,9.0,9.0,7.96,8.64
2,5.0,9.0,7.32,8.44
3,5.0,5.0,5.32,5.2
4,9.0,5.0,8.4,5.04
5,9.0,9.0,8.4,7.48
6,5.0,5.0,6.04,5.5600000000000005
7,5.0,5.0,7.32,8.44
8,9.0,9.0,8.120000000000001,8.64
9,5.0,5.0,6.24,5.32
10,9.0,5.0,8.04,5.16
