response,msqe,r2_score
y1,2.01159530831358e-29,1.0
y2,1.873544649899903e-30,1.0
