,y1,y2,y1_nn_keras,y2_nn_keras
0,5.0,9.0,5.4024763,4.801935
1,9.0,9.0,5.944798,3.9135437
2,5.0,9.0,5.694021,5.0475125
3,5.0,5.0,5.510934,4.763784
4,9.0,5.0,5.446735,4.7392454
5,9.0,9.0,5.5668135,5.0789337
6,5.0,5.0,5.3197002,5.0789337
7,5.0,5.0,5.694021,5.0475125
8,9.0,9.0,6.371894,4.441265
9,5.0,5.0,5.7335587,4.4725943
10,9.0,5.0,5.6397605,5.0789337
