response,msqe,r2_score
y1,20.60189942961781,-4.1933954812161565
y2,14.448833414969867,-2.642310090023654
