response,msqe,r2_score
PF ,32.87983073581882,-2.3657697523017442
|PF |,22.501430473714816,-63.9079725203312
