response,msqe,r2_score
y2,9.508047210678418,-1.674138278003305
