response,msqe,r2_score
y1,40.25520639984113,-1.659099726511534
y2,71.11130784022222,-26.072732079149247
