,y1,y2,y1_nn_keras,y2_nn_keras
3,5.0,5.0,5.510934,4.763784
4,9.0,5.0,5.446735,4.7392454
5,9.0,9.0,5.5668135,5.0789337
0,5.0,9.0,5.4024763,4.801935
10,9.0,5.0,5.6397605,5.0789337
9,5.0,5.0,5.7335587,4.4725943
6,5.0,5.0,5.3197002,5.0789337
1,9.0,9.0,5.944798,3.9135437
