response,msqe,r2_score
y1,8.09512883531147,-1.0406470605681002
y2,6.458242413591279,-0.6280152750928016
