response,msqe,r2_score
y1,1.8407272727272719,0.5359833333333335
