response,msqe,r2_score
PF,0.6109266309842492,-1.749169839429121
PF1,1.1582516344780274,-4.212132355151122
