response,msqe,r2_score
y1,3.550628887881809,0.0013856252832411542
y2,18.905648316539878,-4.31721358902684
