,y1,y2,y1_nn_keras,y2_nn_keras
3,5.0,5.0,5.4227495,5.097694
4,9.0,5.0,5.443091,4.8975835
5,9.0,9.0,5.367882,5.3802395
0,5.0,9.0,5.367882,5.3802395
10,9.0,5.0,5.367882,5.3802395
9,5.0,5.0,5.451473,4.94978
6,5.0,5.0,5.367882,5.3802395
1,9.0,9.0,5.2786703,5.4512405
