response,msqe,r2_score
y2,3.827835126276258,0.03506656191785984
