,PF ,|PF |,PF _poly_sklearn,|PF |_poly_sklearn
7,3.4,1.5,-1.587571773969346,7.491830274703711
2,0.4,2.5,-0.6874091675410217,6.860690736206061
8,8.0,2.9,-0.5194578060642145,6.4477651674617835
