response,msqe,r2_score
y2,9.924678734291902,-1.6465809958111737
