,y1,y2,y1_rf_sklearn,y2_rf_sklearn
0,5.0,9.0,6.28,8.48
1,9.0,9.0,7.96,8.68
2,5.0,9.0,7.279999999999999,8.44
3,5.0,5.0,5.32,5.2
4,9.0,5.0,8.28,5.12
5,9.0,9.0,8.16,7.48
6,5.0,5.0,6.04,5.52
7,5.0,5.0,7.279999999999999,8.44
8,9.0,9.0,7.48,8.68
9,5.0,5.0,6.28,5.36
10,9.0,5.0,8.120000000000001,5.16
