response,msqe,r2_score
y1,10.666666666666666,-2.0
y2,5.333333333333333,-0.5
