,y1,y2,y1_rf_sklearn,y2_rf_sklearn
7,5.0,5.0,7.279999999999999,8.44
2,5.0,9.0,7.279999999999999,8.44
8,9.0,9.0,7.48,8.68
