response,msqe,r2_score
y1,8.11476091132196,-1.2822765063093016
y2,6.949447827819616,-0.954532201574267
