response,msqe,r2_score
y1,0.597342505038551,0.8494199101881985
y2,1.2047594199234597,0.6963002295609613
