,y1,y2,y1_poly_sklearn,y2_poly_sklearn
0,5.0,9.0,5.0,8.999999999999998
1,9.0,9.0,9.000000000000009,9.0
2,5.0,9.0,5.19880864411637,6.996091146265331
3,5.0,5.0,4.999999999999998,5.0
4,9.0,5.0,8.999999999999996,4.999999999999998
5,9.0,9.0,9.000000000000002,9.0
6,5.0,5.0,4.9999999999999964,4.999999999999999
7,5.0,5.0,5.19880864411637,6.996091146265331
8,9.0,9.0,11.547884966295237,11.29179472485714
9,5.0,5.0,5.0,4.999999999999999
10,9.0,5.0,8.999999999999993,4.999999999999997
