response,msqe,r2_score
y1,63.12894955636808,-3417.1384483552606
y2,54.0290314250195,-3.385437733867378
