response,msqe,r2_score
y1,4.946821349205095,-0.23670533730127374
y2,4.913508074540573,-0.3102688198774861
