,y1,y2,y1_nn_keras,y2_nn_keras
7,0.96,1.12,0.44838202,1.3377512
2,0.6882,8.14,0.44838202,1.3377512
