response,msqe,r2_score
y2,7.326587646468273,-0.846910635880544
