,y1,y2,y1_nn_keras,y2_nn_keras
3,5.0,5.0,5.111366,5.110322
4,9.0,5.0,4.894218,4.8922443
5,9.0,9.0,5.104053,5.103789
0,5.0,9.0,4.760063,4.760361
10,9.0,5.0,5.1548862,5.15055
9,5.0,5.0,4.9973607,4.9959183
6,5.0,5.0,5.104666,5.1003833
1,9.0,9.0,4.2283063,4.228227
