response,msqe,r2_score
y1,2.1902558518080237,0.38399054167899327
