response,msqe,r2_score
y1,0.7300852839360068,0.8151971625036982
y2,1.4724837354620062,0.6272775544611797
