,y1,y2,y1_poly_sklearn,y2_poly_sklearn
7,5.0,5.0,5.19880864411637,6.996091146265331
2,5.0,9.0,5.19880864411637,6.996091146265331
8,9.0,9.0,11.547884966295237,11.29179472485714
