response,msqe,r2_score
y2,9.51283789597816,-1.6754856582438578
