response,msqe,r2_score
y1,2.5754095240000003,0.8136531960829072
y2,7.135620521000002,0.02249809822014781
