,y1,y2,y1_nn_keras,y2_nn_keras
0,5.0,9.0,4.760063,4.760361
1,9.0,9.0,4.2283063,4.228227
2,5.0,9.0,5.0952263,5.094994
3,5.0,5.0,5.111366,5.110322
4,9.0,5.0,4.894218,4.8922443
5,9.0,9.0,5.104053,5.103789
6,5.0,5.0,5.104666,5.1003833
7,5.0,5.0,5.0952263,5.094994
8,9.0,9.0,4.8522015,4.852254
9,5.0,5.0,4.9973607,4.9959183
10,9.0,5.0,5.1548862,5.15055
