response,msqe,r2_score
y1,26.317134148612613,-0.7384057982974181
y2,93.57996818675241,-34.62675872011273
