response,msqe,r2_score
y1,0.13863776844841613,-6.506589133161055
y2,15.309213965622526,-0.24262091749438097
