response,msqe,r2_score
y1,11.337850492291366,-1.8344626230728416
y2,4.538220486808001,-0.21019212981546698
