response,msqe,r2_score
y1,4.0,-0.008333333333333304
y2,7.2727272727272725,-0.8333333333333335
