response,msqe,r2_score
y1,12.87704762,-696.2321237805797
y2,25.637312499999997,-1.0809337992386419
