,y1,y2,y1_nn_keras,y2_nn_keras
7,5.0,5.0,5.079428,5.079634
2,5.0,9.0,5.079428,5.079634
8,9.0,9.0,4.785962,5.2682867
