response,msqe,r2_score
PF ,8.967226564314224,-0.5751617418878421
|PF |,6.136753765558586,0.4732362832832575
