response,msqe,r2_score
y2,9.84556674091053,-1.4819032826045295
