response,msqe,r2_score
PF,0.16661635390479523,0.32798070591732587
PF1,0.3158868094030984,-0.2740767979258303
