,y1,y2,y1_nn_keras,y2_nn_keras
3,5.0,5.0,6.5551,5.344654
4,9.0,5.0,6.571891,5.407823
5,9.0,9.0,5.9010253,5.3644443
0,5.0,9.0,5.6998005,5.393795
10,9.0,5.0,6.328802,5.351501
9,5.0,5.0,6.8338223,5.3582087
6,5.0,5.0,5.9625616,5.362582
1,9.0,9.0,5.8787136,5.476132
