response,msqe,r2_score
y2,8.034405447545623,-1.0253397065687926
