response,msqe,r2_score
y2,9.9246758925876,-1.6465802380233603
