response,msqe,r2_score
y1,8.222446356873839,-1.08130673408369
y2,7.829486039318908,-0.9818386537025985
