response,msqe,r2_score
y1,2.623424228317466,0.2621619357857128
y2,12.135492820984078,-2.413107355901772
