Iteration,p1,p2,x,y1,y2,obj1,objv2,objv3
vacuity,4.0,3.0,0.0,5.0,9.0,7.0,5.0,9.0
"iter(0, 2)",4.0,7.0,11.499999925494194,9.0,9.0,9.0,9.0,9.0
"iter(0, 3)",4.0,6.750000089406967,11.250000014901161,9.0,9.0,9.0,9.0,9.0
"iter(0, 4)",4.0,6.625000089406967,11.125000014901161,9.0,9.0,9.0,9.0,9.0
"iter(0, 5)",4.0,6.562500089406967,11.062500014901161,9.0,9.0,9.0,9.0,9.0
"iter(0, 6)",4.0,6.531250089406967,11.031250014901161,9.0,9.0,9.0,9.0,9.0
"iter(0, 'completed')",4.0,6.531250089406967,11.031250014901161,9.0,9.0,9.0,9.0,9.0
final,4.0,6.531250089406967,11.031250014901161,9.0,9.0,9.0,9.0,9.0
