response,msqe,r2_score
y1,5.7626610728445655,-0.4406652682111414
y2,7.410619430629168,-0.9761651815011116
