response,msqe,r2_score
y1,6.692210216292125,-0.6730525540730312
y2,4.888843185538093,-0.30369151614349144
