response,msqe,r2_score
y1,1.5934545454545452,0.5983166666666666
y2,7.2727272727272725,-0.8333333333333335
