response,msqe,r2_score
y2,6.992132674032376,-0.8645687130753004
