response,msqe,r2_score
y1,4.487652267232382,-0.26215220015910745
y2,8.783304804871781,-1.4703044763701882
