response,msqe,r2_score
y1,1.0128000000000001,0.7467999999999999
y2,6.0,-0.6000000000000001
