,y1,y2,y1_nn_keras,y2_nn_keras
7,5.0,5.0,5.367882,5.3802395
2,5.0,9.0,5.367882,5.3802395
8,9.0,9.0,5.367882,5.3802395
