response,msqe,r2_score
y1,8.885855577413829e-30,1.0
y2,2.070759876205156e-30,1.0
