response,msqe,r2_score
y2,11.518506769578014,-1.9156220260494345
