response,msqe,r2_score
y1,19.592973439493058,-3.9594714018716797
y2,16.420654282717148,-3.156478115312778
