,y1,y2,y1_nn_keras,y2_nn_keras
7,0.96,1.12,0.81563306,-1.6089267
2,0.6882,8.14,0.18180715,3.3263333
