response,msqe,r2_score
y2,3.769904993816823,-0.0053079983511528095
