Iteration,x,y,z,objective
vacuity,1.3770499480195344,0.2495500072441995,4.904050000000002,4.904050000000002
"iter(0, 2)",1.333850011742115,0.31170000371411444,4.657150000000001,4.657150000000001
"iter(0, 5)",1.2754500091075898,0.04485000121183694,5.348350000000002,5.348350000000002
"iter(0, 6)",2.4437998850822447,-0.08785508341036737,5.878000000000003,5.878000000000003
