response,msqe,r2_score
z,0.003897904768125,0.9995223951552286
