response,msqe,r2_score
z,0.04038859963680205,0.9949626188784247
