response,msqe,r2_score
z,0.005195953398124999,0.9993612022687461
