response,msqe,r2_score
z,0.03249860996675374,0.9960045757294209
