{
	"vacuity": {
		"objective": {
			"value_in_config": 4.904050000000002,
			"threshold_scaled": 0.9210591627431659,
			"threshold": 4.904050000000002,
			"max_in_data": 5.9855,
			"min_in_data": -7.714
		},
		"y": {
			"value_in_config": 0.2495500072441995
		},
		"z": {
			"value_in_config": 4.904050000000002
		},
		"x": {
			"value_in_config": 1.3770499480195344
		}
	},
	"iter(0, 2)": {
		"objective": {
			"value_in_config": 4.657150000000001,
			"threshold_scaled": 0.5,
			"threshold": -0.8642500000000002,
			"max_in_data": 5.9855,
			"min_in_data": -7.714
		},
		"y": {
			"value_in_config": 0.31170000371411444
		},
		"z": {
			"value_in_config": 4.657150000000001
		},
		"x": {
			"value_in_config": 1.333850011742115
		}
	},
	"iter(0, 3)": {
		"objective": {
			"value_in_config": 4.657150000000001,
			"threshold_scaled": 0.75,
			"threshold": 2.560625,
			"max_in_data": 5.9855,
			"min_in_data": -7.714
		},
		"y": {
			"value_in_config": 0.31170000371411444
		},
		"z": {
			"value_in_config": 4.657150000000001
		},
		"x": {
			"value_in_config": 1.333850011742115
		}
	},
	"iter(0, 4)": {
		"objective": {
			"value_in_config": 4.657150000000001,
			"threshold_scaled": 0.875,
			"threshold": 4.2730625,
			"max_in_data": 5.9855,
			"min_in_data": -7.714
		},
		"y": {
			"value_in_config": 0.31170000371411444
		},
		"z": {
			"value_in_config": 4.657150000000001
		},
		"x": {
			"value_in_config": 1.333850011742115
		}
	},
	"iter(0, 5)": {
		"objective": {
			"value_in_config": 5.348350000000002,
			"threshold_scaled": 0.9375,
			"threshold": 5.12928125,
			"max_in_data": 5.9855,
			"min_in_data": -7.714
		},
		"z": {
			"value_in_config": 5.348350000000002
		},
		"x": {
			"value_in_config": 1.2754500091075898
		},
		"y": {
			"value_in_config": 0.04485000121183694
		}
	},
	"iter(0, 6)": {
		"objective": {
			"value_in_config": 5.878000000000003,
			"threshold_scaled": 0.96875,
			"threshold": 5.557390625,
			"max_in_data": 5.9855,
			"min_in_data": -7.714
		},
		"z": {
			"value_in_config": 5.878000000000003
		},
		"x": {
			"value_in_config": 2.4437998850822447
		},
		"y": {
			"value_in_config": -0.08785508341036737
		}
	},
	"iter(0, 'completed')": {
		"objective": {
			"value_in_config": 5.878000000000003,
			"threshold_scaled": 0.96875,
			"threshold": 5.557390625,
			"max_in_data": 5.9855,
			"min_in_data": -7.714
		},
		"z": {
			"value_in_config": 5.878000000000003
		},
		"x": {
			"value_in_config": 2.4437998850822447
		},
		"y": {
			"value_in_config": -0.08785508341036737
		},
		"objective_scaled": {
			"value_in_config": 0.9921529982846091
		},
		"threshold_lo_scaled": {
			"value_in_config": 0.96875
		},
		"threshold_lo": {
			"value_in_config": 0.96875
		},
		"threshold_up_scaled": {
			"value_in_config": 1
		},
		"threshold_up": {
			"value_in_config": 1
		},
		"max_in_data": {
			"value_in_config": 1.0
		},
		"min_in_data": {
			"value_in_config": 0.0
		}
	},
	"final": {
		"objective": {
			"value_in_config": 5.878000000000003,
			"threshold_scaled": 0.96875,
			"threshold": 5.557390625,
			"max_in_data": 5.9855,
			"min_in_data": -7.714
		},
		"z": {
			"value_in_config": 5.878000000000003
		},
		"x": {
			"value_in_config": 2.4437998850822447
		},
		"y": {
			"value_in_config": -0.08785508341036737
		},
		"objective_scaled": {
			"value_in_config": 0.9921529982846091
		},
		"threshold_lo_scaled": {
			"value_in_config": 0.96875
		},
		"threshold_lo": {
			"value_in_config": 0.96875
		},
		"threshold_up_scaled": {
			"value_in_config": 1
		},
		"threshold_up": {
			"value_in_config": 1
		},
		"max_in_data": {
			"value_in_config": 1.0
		},
		"min_in_data": {
			"value_in_config": 0.0
		}
	}
}