Iteration,x,y,z,objective
vacuity,2.116145038701296,0.16134999531395733,5.553313029315958,5.553313029315958
"iter(0, 2)",0.8621500385522842,0.13594999838247895,4.39676666666667,4.39676666666667
