response,msqe,r2_score
z,0.03052611254924165,0.9962596779262597
