response,msqe,r2_score
z,0.010388147918124998,0.9987043606195444
