Upper bound,Lower bound,Centroid
3.6306000070571898,3.432808,3.5317040035285947
